{"Students":[{"Name":"John Doe","Age":20,"GPA":3.7},{"Name":"Jane Smith","Age":21,"GPA":3.9},{"Name":"Bob Johnson","Age":19,"GPA":3.5},{"Name":"Alice Brown","Age":22,"GPA":3.8},{"Name":"Tom Wilson","Age":20,"GPA":3.6},{"Name":"Emily Davis","Age":19,"GPA":3.9},{"Name":"Michael Lee","Age":21,"GPA":3.7},{"Name":"Sarah Thompson","Age":20,"GPA":3.5},{"Name":"David Taylor","Age":22,"GPA":3.8},{"Name":"Jessica Garcia","Age":19,"GPA":3.6},{"Name":"Christopher Martinez","Age":20,"GPA":3.7},{"Name":"Ashley Rodriguez","Age":21,"GPA":3.9},{"Name":"Matthew Hernandez","Age":20,"GPA":3.5},{"Name":"Samantha Gonzalez","Age":19,"GPA":3.8},{"Name":"William Perez","Age":21,"GPA":3.6},{"Name":"Olivia Sanchez","Age":20,"GPA":3.7},{"Name":"Daniel Ramirez","Age":22,"GPA":3.9},{"Name":"Emma Flores","Age":19,"GPA":3.5},{"Name":"Joseph Rivera","Age":20,"GPA":3.8},{"Name":"Ava Torres","Age":21,"GPA":3.6},{"Name":"Joshua Gomez","Age":20,"GPA":3.7},{"Name":"Sophia Diaz","Age":19,"GPA":3.9},{"Name":"Matthew Jimenez","Age":21,"GPA":3.5},{"Name":"Isabella Morales","Age":20,"GPA":3.8},{"Name":"Andrew Munoz","Age":22,"GPA":3.6},{"Name":"Mia Gutierrez","Age":19,"GPA":3.7},{"Name":"Ethan Romero","Age":20,"GPA":3.9},{"Name":"Abigail Contreras","Age":21,"GPA":3.5},{"Name":"Michael Ortiz","Age":20,"GPA":3.8},{"Name":"Emily Castillo","Age":19,"GPA":3.6}]}